/*
SQLyog Ultimate v12.14 (64 bit)
MySQL - 10.4.19-MariaDB : Database - import_history
*********************************************************************
*/

/*!40101 SET NAMES utf8 */;

/*!40101 SET SQL_MODE=''*/;

/*!40014 SET @OLD_UNIQUE_CHECKS=@@UNIQUE_CHECKS, UNIQUE_CHECKS=0 */;
/*!40014 SET @OLD_FOREIGN_KEY_CHECKS=@@FOREIGN_KEY_CHECKS, FOREIGN_KEY_CHECKS=0 */;
/*!40101 SET @OLD_SQL_MODE=@@SQL_MODE, SQL_MODE='NO_AUTO_VALUE_ON_ZERO' */;
/*!40111 SET @OLD_SQL_NOTES=@@SQL_NOTES, SQL_NOTES=0 */;
CREATE DATABASE /*!32312 IF NOT EXISTS*/`import_history` /*!40100 DEFAULT CHARACTER SET utf8 */;

USE `import_history`;

/*Table structure for table `history` */

DROP TABLE IF EXISTS `history`;

CREATE TABLE `history` (
  `id` int(11) NOT NULL AUTO_INCREMENT,
  `import_time` datetime DEFAULT NULL,
  `created_at` datetime DEFAULT NULL,
  `created_by` int(11) DEFAULT NULL,
  PRIMARY KEY (`id`)
) ENGINE=InnoDB AUTO_INCREMENT=7 DEFAULT CHARSET=utf8;

/*Data for the table `history` */

insert  into `history`(`id`,`import_time`,`created_at`,`created_by`) values 
(4,'2022-07-01 17:15:15','2022-07-01 17:15:15',1),
(5,'2022-07-01 17:15:38','2022-07-01 17:15:38',1),
(6,'2022-07-01 17:16:10','2022-07-01 17:16:10',1);

/*Table structure for table `import_data` */

DROP TABLE IF EXISTS `import_data`;

CREATE TABLE `import_data` (
  `id` int(11) NOT NULL AUTO_INCREMENT,
  `history_id` int(11) NOT NULL,
  `city` varchar(255) NOT NULL,
  `lat` varchar(255) DEFAULT NULL,
  `lng` varchar(255) DEFAULT NULL,
  `lighting` int(2) DEFAULT NULL,
  `size` varchar(255) DEFAULT NULL,
  `side_type` varchar(255) DEFAULT NULL,
  `side` varchar(255) DEFAULT NULL,
  `price_type` varchar(255) DEFAULT NULL,
  `price_accommodation` float DEFAULT NULL,
  `nds_accommodation` varchar(255) DEFAULT NULL,
  `kvant_accommodation` varchar(255) DEFAULT NULL,
  `impression_per_day` int(11) DEFAULT NULL,
  PRIMARY KEY (`id`),
  KEY `fk-history_id` (`history_id`),
  CONSTRAINT `fk-history_id` FOREIGN KEY (`history_id`) REFERENCES `history` (`id`) ON DELETE CASCADE
) ENGINE=InnoDB AUTO_INCREMENT=64 DEFAULT CHARSET=utf8;

/*Data for the table `import_data` */

insert  into `import_data`(`id`,`history_id`,`city`,`lat`,`lng`,`lighting`,`size`,`side_type`,`side`,`price_type`,`price_accommodation`,`nds_accommodation`,`kvant_accommodation`,`impression_per_day`) values 
(1,4,'Новосибирск','55.030953','82.920897',1,'8,2x4','A','A1','Базовая цена',65000,'Без НДС','Месяц',1440),
(2,4,'Новосибирск','55.030953','82.920897',1,'8,2x4','A','A2','Базовая цена',65000,'Без НДС','Месяц',1440),
(3,4,'Новосибирск','55.030953','82.920897',1,'8,2x4','A','A3','Базовая цена',65000,'Без НДС','Месяц',1440),
(4,4,'Новосибирск','55.030953','82.920897',1,'8,2x4','A','A4','Базовая цена',65000,'Без НДС','Месяц',1440),
(5,4,'Новосибирск','55.030953','82.920897',1,'8,2x4','A','A5','Базовая цена',65000,'Без НДС','Месяц',1440),
(6,4,'Новосибирск','55.030953','82.920897',1,'8,2x4','A','A6','Базовая цена',65000,'Без НДС','Месяц',1440),
(7,4,'Новосибирск','55.030953','82.920897',1,'8,2x4','A','Ah1','Базовая цена',39000,'Без НДС','Месяц',720),
(8,4,'Новосибирск','55.030953','82.920897',1,'8,2x4','A','A1','Базовая цена',15169,'Без НДС','1 неделя',1440),
(9,4,'Новосибирск','55.030953','82.920897',1,'8,2x4','A','A2','Базовая цена',15169,'Без НДС','1 неделя',1440),
(10,4,'Новосибирск','55.030953','82.920897',1,'8,2x4','A','A3','Базовая цена',15169,'Без НДС','1 неделя',1440),
(11,4,'Новосибирск','55.030953','82.920897',1,'8,2x4','A','A4','Базовая цена',15169,'Без НДС','1 неделя',1440),
(12,4,'Новосибирск','55.030953','82.920897',1,'8,2x4','A','A5','Базовая цена',15169,'Без НДС','1 неделя',1440),
(13,4,'Новосибирск','55.030953','82.920897',1,'8,2x4','A','A6','Базовая цена',15169,'Без НДС','1 неделя',1440),
(14,4,'Новосибирск','55.030953','82.920897',1,'8,2x4','A','Ah1','Базовая цена',9100,'Без НДС','1 неделя',720),
(15,4,'Новосибирск','55.030953','82.920897',1,'8,2x4','A','A1','Базовая цена',2167,'Без НДС','День',1440),
(16,4,'Новосибирск','55.030953','82.920897',1,'8,2x4','A','A2','Базовая цена',2167,'Без НДС','День',1440),
(17,4,'Новосибирск','55.030953','82.920897',1,'8,2x4','A','A3','Базовая цена',2167,'Без НДС','День',1440),
(18,4,'Новосибирск','55.030953','82.920897',1,'8,2x4','A','A4','Базовая цена',2167,'Без НДС','День',1440),
(19,4,'Новосибирск','55.030953','82.920897',1,'8,2x4','A','A5','Базовая цена',2167,'Без НДС','День',1440),
(20,4,'Новосибирск','55.030953','82.920897',1,'8,2x4','A','A6','Базовая цена',2167,'Без НДС','День',1440),
(21,4,'Новосибирск','55.030953','82.920897',1,'8,2x4','A','Ah1','Базовая цена',1300,'Без НДС','День',720),
(22,5,'Новосибирск','55.030953','82.920897',1,'8,2x4','A','A1','Базовая цена',65000,'Без НДС','Месяц',1440),
(23,5,'Новосибирск','55.030953','82.920897',1,'8,2x4','A','A2','Базовая цена',65000,'Без НДС','Месяц',1440),
(24,5,'Новосибирск','55.030953','82.920897',1,'8,2x4','A','A3','Базовая цена',65000,'Без НДС','Месяц',1440),
(25,5,'Новосибирск','55.030953','82.920897',1,'8,2x4','A','A4','Базовая цена',65000,'Без НДС','Месяц',1440),
(26,5,'Новосибирск','55.030953','82.920897',1,'8,2x4','A','A5','Базовая цена',65000,'Без НДС','Месяц',1440),
(27,5,'Новосибирск','55.030953','82.920897',1,'8,2x4','A','A6','Базовая цена',65000,'Без НДС','Месяц',1440),
(28,5,'Новосибирск','55.030953','82.920897',1,'8,2x4','A','Ah1','Базовая цена',39000,'Без НДС','Месяц',720),
(29,5,'Новосибирск','55.030953','82.920897',1,'8,2x4','A','A1','Базовая цена',15169,'Без НДС','1 неделя',1440),
(30,5,'Новосибирск','55.030953','82.920897',1,'8,2x4','A','A2','Базовая цена',15169,'Без НДС','1 неделя',1440),
(31,5,'Новосибирск','55.030953','82.920897',1,'8,2x4','A','A3','Базовая цена',15169,'Без НДС','1 неделя',1440),
(32,5,'Новосибирск','55.030953','82.920897',1,'8,2x4','A','A4','Базовая цена',15169,'Без НДС','1 неделя',1440),
(33,5,'Новосибирск','55.030953','82.920897',1,'8,2x4','A','A5','Базовая цена',15169,'Без НДС','1 неделя',1440),
(34,5,'Новосибирск','55.030953','82.920897',1,'8,2x4','A','A6','Базовая цена',15169,'Без НДС','1 неделя',1440),
(35,5,'Новосибирск','55.030953','82.920897',1,'8,2x4','A','Ah1','Базовая цена',9100,'Без НДС','1 неделя',720),
(36,5,'Новосибирск','55.030953','82.920897',1,'8,2x4','A','A1','Базовая цена',2167,'Без НДС','День',1440),
(37,5,'Новосибирск','55.030953','82.920897',1,'8,2x4','A','A2','Базовая цена',2167,'Без НДС','День',1440),
(38,5,'Новосибирск','55.030953','82.920897',1,'8,2x4','A','A3','Базовая цена',2167,'Без НДС','День',1440),
(39,5,'Новосибирск','55.030953','82.920897',1,'8,2x4','A','A4','Базовая цена',2167,'Без НДС','День',1440),
(40,5,'Новосибирск','55.030953','82.920897',1,'8,2x4','A','A5','Базовая цена',2167,'Без НДС','День',1440),
(41,5,'Новосибирск','55.030953','82.920897',1,'8,2x4','A','A6','Базовая цена',2167,'Без НДС','День',1440),
(42,5,'Новосибирск','55.030953','82.920897',1,'8,2x4','A','Ah1','Базовая цена',1300,'Без НДС','День',720),
(43,6,'Новосибирск','55.030953','82.920897',1,'8,2x4','A','A1','Базовая цена',65000,'Без НДС','Месяц',1440),
(44,6,'Новосибирск','55.030953','82.920897',1,'8,2x4','A','A2','Базовая цена',65000,'Без НДС','Месяц',1440),
(45,6,'Новосибирск','55.030953','82.920897',1,'8,2x4','A','A3','Базовая цена',65000,'Без НДС','Месяц',1440),
(46,6,'Новосибирск','55.030953','82.920897',1,'8,2x4','A','A4','Базовая цена',65000,'Без НДС','Месяц',1440),
(47,6,'Новосибирск','55.030953','82.920897',1,'8,2x4','A','A5','Базовая цена',65000,'Без НДС','Месяц',1440),
(48,6,'Новосибирск','55.030953','82.920897',1,'8,2x4','A','A6','Базовая цена',65000,'Без НДС','Месяц',1440),
(49,6,'Новосибирск','55.030953','82.920897',1,'8,2x4','A','Ah1','Базовая цена',39000,'Без НДС','Месяц',720),
(50,6,'Новосибирск','55.030953','82.920897',1,'8,2x4','A','A1','Базовая цена',15169,'Без НДС','1 неделя',1440),
(51,6,'Новосибирск','55.030953','82.920897',1,'8,2x4','A','A2','Базовая цена',15169,'Без НДС','1 неделя',1440),
(52,6,'Новосибирск','55.030953','82.920897',1,'8,2x4','A','A3','Базовая цена',15169,'Без НДС','1 неделя',1440),
(53,6,'Новосибирск','55.030953','82.920897',1,'8,2x4','A','A4','Базовая цена',15169,'Без НДС','1 неделя',1440),
(54,6,'Новосибирск','55.030953','82.920897',1,'8,2x4','A','A5','Базовая цена',15169,'Без НДС','1 неделя',1440),
(55,6,'Новосибирск','55.030953','82.920897',1,'8,2x4','A','A6','Базовая цена',15169,'Без НДС','1 неделя',1440),
(56,6,'Новосибирск','55.030953','82.920897',1,'8,2x4','A','Ah1','Базовая цена',9100,'Без НДС','1 неделя',720),
(57,6,'Новосибирск','55.030953','82.920897',1,'8,2x4','A','A1','Базовая цена',2167,'Без НДС','День',1440),
(58,6,'Новосибирск','55.030953','82.920897',1,'8,2x4','A','A2','Базовая цена',2167,'Без НДС','День',1440),
(59,6,'Новосибирск','55.030953','82.920897',1,'8,2x4','A','A3','Базовая цена',2167,'Без НДС','День',1440),
(60,6,'Новосибирск','55.030953','82.920897',1,'8,2x4','A','A4','Базовая цена',2167,'Без НДС','День',1440),
(61,6,'Новосибирск','55.030953','82.920897',1,'8,2x4','A','A5','Базовая цена',2167,'Без НДС','День',1440),
(62,6,'Новосибирск','55.030953','82.920897',1,'8,2x4','A','A6','Базовая цена',2167,'Без НДС','День',1440),
(63,6,'Новосибирск','55.030953','82.920897',1,'8,2x4','A','Ah1','Базовая цена',1300,'Без НДС','День',720);

/*Table structure for table `migration` */

DROP TABLE IF EXISTS `migration`;

CREATE TABLE `migration` (
  `version` varchar(180) NOT NULL,
  `apply_time` int(11) DEFAULT NULL,
  PRIMARY KEY (`version`)
) ENGINE=InnoDB DEFAULT CHARSET=utf8;

/*Data for the table `migration` */

insert  into `migration`(`version`,`apply_time`) values 
('m000000_000000_base',1656589642),
('m220630_110516_create_history_table',1656589648),
('m220630_110943_create_import_data_table',1656589655);

/*!40101 SET SQL_MODE=@OLD_SQL_MODE */;
/*!40014 SET FOREIGN_KEY_CHECKS=@OLD_FOREIGN_KEY_CHECKS */;
/*!40014 SET UNIQUE_CHECKS=@OLD_UNIQUE_CHECKS */;
/*!40111 SET SQL_NOTES=@OLD_SQL_NOTES */;
